signature,top_cell_type,top_z,n_genes,z_Bcell,z_DC,z_Endo,z_Epi,z_Fibro,z_Macro,z_NK,z_Peri,z_Plasma,z_Tcell
ADO_Sidders,Fibro,1.4677268266677856,14,-1.107507586479187,0.05241619050502777,0.796089231967926,-0.11884599924087524,1.4677268266677856,0.9514786005020142,-0.7726361751556396,1.092233419418335,-1.673564076423645,-0.6873903274536133
APM_Thompson,Endo,1.0315190553665161,8,-0.5538568496704102,0.6075183749198914,1.0315190553665161,-0.6770349144935608,-0.17351800203323364,0.3225797116756439,1.0177048444747925,0.2123156487941742,-2.4731228351593018,0.6858949661254883
APM_Wang,Endo,1.3086999654769897,18,-0.8553171157836914,0.5713877081871033,1.3086999654769897,-0.9184988141059875,-0.23761619627475739,0.4569655954837799,0.9978788495063782,0.40768033266067505,-2.180861234664917,0.449680894613266
Bcell_Budczies,Bcell,2.85878849029541,8,2.85878849029541,-0.09547583013772964,-0.470689594745636,-0.4850161373615265,-0.4360682964324951,-0.45464572310447693,-0.4772320091724396,-0.5025035738945007,0.5225064158439636,-0.45966389775276184
Bcell_Helmink,DC,1.7016990184783936,62,1.2443848848342896,1.7016990184783936,-0.35469022393226624,-0.38292768597602844,-0.3184904158115387,0.18143919110298157,0.2229001224040985,-0.707188606262207,-2.0857796669006348,0.4986531436443329
Blood_Friedlander,Fibro,0.8841970562934875,14,-0.9071671962738037,0.766737699508667,0.8627967238426208,0.5527842044830322,0.8841970562934875,0.3632817268371582,-0.5767873525619507,0.8593305349349976,-2.302520513534546,-0.5026527047157288
C-ECM_Chakravarthy,Fibro,2.200638771057129,56,-0.6423010230064392,-0.44258394837379456,0.023442646488547325,-0.505586564540863,2.200638771057129,-0.39593571424484253,-0.63370281457901,1.6986156702041626,-0.6683782339096069,-0.6342087984085083
CCL5-CXCL9_Dangaj,Tcell,1.4870104789733887,21,-0.38089120388031006,0.8993582129478455,-0.7023636102676392,-1.0497394800186157,-0.6394513249397278,0.9332482814788818,1.4065306186676025,-0.7858605980873108,-1.1678415536880493,1.4870104789733887
CD39-CD8Tcell_Chow,NK,2.3017783164978027,23,-0.3194112181663513,0.028576232492923737,-0.31810492277145386,-0.900153636932373,-0.6603996753692627,-0.2133244425058365,2.3017783164978027,-0.6144745945930481,-0.7894380688667297,1.4849519729614258
CD8_Sade-Feldman,DC,1.662918210029602,32,-0.15873084962368011,1.662918210029602,0.025458713993430138,-0.45212623476982117,0.4912946820259094,0.010320368222892284,0.3462212383747101,-0.4484242796897888,-2.3742144107818604,0.8972825407981873
CIN25_Carter,Epi,2.0322787761688232,24,-0.6853331923484802,0.7895730137825012,-0.0803733840584755,2.0322787761688232,-0.579739511013031,0.026133038103580475,-0.4021027088165283,0.868554949760437,-1.8730218410491943,-0.09596855938434601
CIN70_Carter,Epi,2.041088104248047,68,-0.769006609916687,0.8033440709114075,0.06947396695613861,2.041088104248047,-0.3402675688266754,-0.014099317602813244,-0.25144249200820923,0.5447245836257935,-2.028144359588623,-0.05567037686705589
CRMA_Shukla,Epi,2.9996702671051025,5,-0.3347983658313751,-0.3439566195011139,-0.3115677535533905,2.9996702671051025,-0.34395667910575867,-0.2993019223213196,-0.3439568281173706,-0.34395676851272583,-0.3439568281173706,-0.3342188000679016
CTL_Jiang,NK,2.6954894065856934,5,-0.4754115343093872,-0.3331901729106903,-0.4771486520767212,-0.5054600834846497,-0.4635460078716278,-0.4773752987384796,2.6954894065856934,-0.5127105712890625,-0.45251548290252686,1.0018683671951294
CYT_Davoli,NK,2.544905185699463,7,-0.4855171740055084,-0.3617202341556549,-0.48175621032714844,-0.5235779881477356,-0.48709413409233093,-0.4847988188266754,2.544905185699463,-0.501409113407135,-0.5100733637809753,1.2910419702529907
Chemokine_Messina,Macro,1.8729485273361206,12,-1.0627611875534058,0.43201369047164917,0.4444774091243744,-1.213767647743225,0.6718522310256958,1.8729485273361206,0.9609954953193665,-0.8697351813316345,-1.1702624559402466,-0.06576085090637207
EMT_Thompson,Fibro,1.9635155200958252,12,-1.0353947877883911,-0.17367680370807648,-0.17625336349010468,1.1749937534332275,1.9635155200958252,0.11606018990278244,-0.7703205347061157,0.9323506951332092,-1.2295836210250854,-0.8016909956932068
EMTstroma_Wang,Fibro,2.130218505859375,18,-0.710243821144104,-0.4560694992542267,-0.03054221160709858,-0.5025554299354553,2.130218505859375,-0.2322574108839035,-0.5801318883895874,1.7686922550201416,-0.7813654541969299,-0.6057454943656921
GeparSixto_Karn,Tcell,2.06567120552063,10,-0.8315237164497375,1.3378556966781616,-0.3524107038974762,-0.7156499028205872,-0.668497622013092,-0.0021771236788481474,0.8413662314414978,-0.666473925113678,-1.0081599950790405,2.06567120552063
IFN_Ayers,DC,1.9939625263214111,6,-0.07478509098291397,1.9939625263214111,0.12520121037960052,-0.5284587144851685,-0.6103099584579468,1.6657443046569824,-0.08659758418798447,-0.812732458114624,-1.3412489891052246,-0.3307751417160034
IMPRES_Auslander,DC,1.8106147050857544,26,-0.5771080851554871,1.8106147050857544,0.41784197092056274,-0.9092538952827454,-0.7109373807907104,0.4653221666812897,0.3275136947631836,-0.8828755617141724,-1.3447606563568115,1.403643012046814
IMS_Cui,Peri,2.004703998565674,18,-0.8029173612594604,-0.19621318578720093,-0.2603951692581177,-0.6034408807754517,1.6777286529541016,0.5006923079490662,-0.7372357845306396,2.004703998565674,-0.8374701142311096,-0.7454528212547302
IRG_Ayers,NK,1.7928348779678345,17,-0.1889091432094574,0.5499423742294312,-0.23674564063549042,-0.8847455978393555,-0.8094552159309387,0.07381639629602432,1.7928348779678345,-0.9528234004974365,-1.054895043373108,1.7109802961349487
IRG_Yang,Fibro,1.829648733139038,11,-0.9278966784477234,0.1271948367357254,1.1556025743484497,-0.1381412297487259,1.829648733139038,0.2505479156970978,-1.0932961702346802,0.9347814917564392,-1.1035767793655396,-1.0348650217056274
ImmuneCells_Xiong,Fibro,2.019780158996582,101,-1.0697894096374512,-0.2949097752571106,0.5165789723396301,0.2992000877857208,2.019780158996582,0.26415592432022095,-0.6244038939476013,1.0900959968566895,-1.4630982875823975,-0.7376096248626709
ImmuneScore_Roh,DC,1.443378210067749,40,0.08148301392793655,1.443378210067749,0.29578492045402527,-0.9972372055053711,-0.8486768007278442,1.0771867036819458,1.322608470916748,-1.0372270345687866,-1.4522782564163208,0.11497778445482254
ImmunoScore_Hao,Tcell,1.44558584690094,75,-0.3356799781322479,0.9349014163017273,-0.2733575999736786,-0.7556286454200745,-0.7963171005249023,0.8451756238937378,1.368432879447937,-0.9965664744377136,-1.4365460872650146,1.44558584690094
Inflammatory_Thompson,NK,1.9307777881622314,27,-0.20468352735042572,0.6544004082679749,-0.28629207611083984,-0.9137399196624756,-0.8202834725379944,0.29253295063972473,1.9307777881622314,-1.0020333528518677,-1.0625852346420288,1.411906361579895
KDM5A_Wang,Peri,2.4538586139678955,8,-0.5904996395111084,-0.5221081376075745,0.04233638942241669,-0.3984980285167694,1.3106515407562256,-0.6285737752914429,-0.3900827467441559,2.4538586139678955,-0.8795300722122192,-0.39755386114120483
M1_Hwang,DC,1.6137090921401978,12,0.30073562264442444,1.6137090921401978,0.2242991030216217,-1.0204588174819946,-0.5683741569519043,0.7335549592971802,0.3647718131542206,-1.2034887075424194,-1.577431321144104,1.1326825618743896
MHC-II_Liu,DC,2.203876495361328,13,0.6801457405090332,2.203876495361328,-0.12949031591415405,-0.556377649307251,-0.7916982769966125,1.3274730443954468,-0.6017836332321167,-0.8707311749458313,-0.7874497771263123,-0.4739643931388855
MHC-I_Liu,NK,1.4741837978363037,8,-0.15525835752487183,0.24805910885334015,1.1735478639602661,-1.5539674758911133,-0.788321852684021,0.1668061763048172,1.4741837978363037,-0.1628982126712799,-1.464491367340088,1.0623403787612915
MPS_Guijarro,Peri,1.4875980615615845,42,-1.0708034038543701,-0.13523104786872864,0.31948912143707275,1.0129539966583252,1.3956407308578491,-0.27431294322013855,-0.5009557604789734,1.4875980615615845,-1.7187515497207642,-0.5156272649765015
Macrophage_Danaher,Macro,2.8220913410186768,4,-0.41030827164649963,0.6838333010673523,-0.4703860580921173,-0.4991559088230133,-0.41443055868148804,2.8220913410186768,-0.4796335697174072,-0.4476097822189331,-0.4912007451057434,-0.29319971799850464
Myeloid-DC_Helmink,DC,2.9750571250915527,5,-0.4371110796928406,2.9750571250915527,-0.15415455400943756,-0.2871512472629547,-0.2600669860839844,-0.07151640206575394,-0.447660356760025,-0.44018399715423584,-0.43201327323913574,-0.44519945979118347
NonResponse_Chen,Epi,1.7319566011428833,248,-0.5869078636169434,0.8912865519523621,0.3940191864967346,1.7319566011428833,-0.014077975414693356,0.08767766505479813,-0.378829687833786,0.22896870970726013,-2.3457045555114746,-0.008388505317270756
PDL1_Nishino,Macro,1.9264473915100098,3,-0.8587813377380371,1.1341443061828613,0.2419804334640503,-0.5223963856697083,-0.2963964641094208,1.9264473915100098,-0.7601833343505859,-0.8384733200073242,-1.1455236673355103,1.119181752204895
PTEN-MITF_Cabrita,Fibro,1.6365835666656494,251,-0.8716398477554321,-0.024430563673377037,0.7714313268661499,-0.29013603925704956,1.6365835666656494,0.14404499530792236,-0.38337191939353943,1.4438912868499756,-1.7987492084503174,-0.6276239156723022
Response_Chen,DC,1.3447308540344238,423,0.1823708862066269,1.3447308540344238,-0.24340596795082092,-1.2201706171035767,-0.6723835468292236,0.8949106931686401,1.263080358505249,-0.8512152433395386,-1.5308914184570312,0.8329740166664124
STAT1_Care,NK,1.4586153030395508,37,-1.3094942569732666,0.7717381119728088,0.6438167691230774,-0.9747335910797119,-0.18448469042778015,1.1384060382843018,1.4586153030395508,-0.4570971131324768,-1.5602436065673828,0.4734766185283661
TGFB_Mariathasan,Peri,2.6277027130126953,17,-0.6364625096321106,-0.3184310495853424,0.07986423373222351,-0.2407388836145401,0.9656451940536499,-0.42148357629776,-0.6924796104431152,2.6277027130126953,-0.7317562699317932,-0.6318597793579102
TIS_Damotte,NK,1.3606758117675781,18,-0.1947653591632843,1.0903085470199585,0.017076510936021805,-1.1357568502426147,-0.743188738822937,0.9373332262039185,1.3606758117675781,-0.9678536653518677,-1.4463850259780884,1.0825555324554443
TLS_Cabrita,Fibro,1.8080464601516724,9,0.40384161472320557,-0.288102388381958,1.3178832530975342,-1.3245116472244263,1.8080464601516724,-0.9223560690879822,0.43556511402130127,-0.5385016202926636,-1.2414125204086304,0.34954768419265747
TUMOR-VASCULATURE-UP_Lu,Peri,2.7384650707244873,29,-0.641854465007782,-0.2959764301776886,-0.1325448900461197,-0.1707005500793457,0.7131518721580505,-0.2415255308151245,-0.5281935334205627,2.7384650707244873,-0.9083367586135864,-0.5324843525886536
Tcell-exclusion_Arnon,DC,0.6697461009025574,102,0.19503365457057953,0.6697461009025574,0.30261969566345215,0.5926086902618408,0.5086045265197754,0.14028382301330566,0.10203086584806442,-0.0258261039853096,-2.929758071899414,0.44465669989585876
Tcell-inflamed_Ayers,NK,1.3606758117675781,18,-0.1947653591632843,1.0903085470199585,0.017076510936021805,-1.1357568502426147,-0.743188738822937,0.9373332262039185,1.3606758117675781,-0.9678536653518677,-1.4463850259780884,1.0825555324554443
Teff-IFNG_Fehrenbacher,NK,2.722586154937744,8,-0.5841733813285828,-0.12783028185367584,-0.5110530257225037,-0.6174148321151733,-0.46408364176750183,-0.16488009691238403,2.722586154937744,-0.5307788848876953,-0.5769814252853394,0.8546092510223389
Teff_McDermott,NK,2.743238925933838,5,-0.5185341835021973,-0.29394325613975525,-0.37948206067085266,-0.46673229336738586,-0.528928816318512,-0.32453829050064087,2.743238925933838,-0.547090470790863,-0.5572515726089478,0.8732619285583496
VIGex_Hernando-Calvo,NK,2.5129313468933105,12,-0.7039957046508789,0.07033079117536545,-0.3795858323574066,-0.7046939730644226,-0.5436199903488159,-0.007540562655776739,2.5129313468933105,-0.653494119644165,-0.7272045612335205,1.1368727684020996
WNT-beta-catenin_Takeuchi,Fibro,2.000643014907837,17,-0.8589949607849121,-0.10188159346580505,0.5302664041519165,1.1705974340438843,2.000643014907837,-0.4450787603855133,-0.7879289984703064,0.6398035287857056,-1.2521791458129883,-0.8952468633651733
peri-Tcell_Hwang,Macro,1.7921528816223145,3,0.613726794719696,1.7182495594024658,-0.3105699121952057,-0.43448880314826965,-0.5687144994735718,1.7921528816223145,-0.4207595884799957,-0.7240036129951477,-1.4501116275787354,-0.21548143029212952
proliferation_Pabla,Epi,2.088268995285034,9,-0.4002676010131836,1.4081404209136963,-0.47943034768104553,2.088268995285034,-0.9578712582588196,0.16115950047969818,-0.7991529107093811,-0.026729047298431396,-1.2681689262390137,0.2740509808063507
