signature,top_cell_type,top_z,z_Bcell,z_DC,z_Endo,z_Epi,z_Fibro,z_Macro,z_NK,z_Peri,z_Plasma,z_Tcell
ADO_Sidders,Fibro,1.4880160597043783,-0.4998381462034219,-0.041930579970039496,1.2506502836992839,-0.20349058460831287,1.4880160597043783,1.340054285221258,-0.8175415185128473,0.08825088288439124,-1.4836299494497902,-1.1205407327648993
APM_Thompson,NK,1.7408785053887978,0.3802673840088762,-0.667357780587651,0.3961233603907886,-2.160560695545234,-0.14911560453156822,-0.1845110640390677,1.7408785053887978,0.1477162525717668,-0.5742316702219105,1.070791312565202
APM_Wang,NK,1.3794696581695518,-0.33198795639658923,-1.4712246933623063,1.3008920561319535,-1.6925043524336685,0.6807359011235417,0.29036235216825235,1.3794696581695518,-0.27447350282350463,-0.5042650293630774,0.622995566785847
Bcell_Budczies,Bcell,2.9143121047259264,2.9143121047259264,-0.42841080411888377,-0.43364670161614166,-0.42517714427486275,-0.40964977438149247,-0.4075618667502736,-0.38980578525394516,-0.4215863116733341,0.3820895592132872,-0.3805632758702797
Bcell_Helmink,Bcell,1.912812073864581,1.912812073864581,0.3978182324110997,-1.1060493113285745,-1.2573879591482788,-1.1135126059746767,0.19553320216245695,0.9782354181964338,-0.07308937089854381,-0.7208165126118716,0.7864568333273738
Blood_Friedlander,Fibro,1.3774995465505855,0.5256461663747407,-0.5999704655173523,1.2534397471858383,-0.45938996860423204,1.3774995465505855,1.125940461805614,-0.7452257998110896,0.01652597024749631,-1.85940927741664,-0.6350563808149607
C-ECM_Chakravarthy,Fibro,2.708522931450942,-0.4459891892139078,-0.3564061240764228,0.5233043149572351,-0.6555183559734339,2.708522931450942,0.19694349119903065,-0.7100244269062622,0.19116678148773744,-0.7460340204019833,-0.7059654025229345
CCL5-CXCL9_Dangaj,NK,1.7249923350933085,0.37532506307032576,-0.34506669508881743,-1.0907202052724658,-1.1942098202852431,-0.7346843575325276,1.0211719799400039,1.7249923350933085,-0.3363307023427318,-0.7791305181883729,1.35865292060652
CD39-CD8Tcell_Chow,NK,2.2392413147308,0.026635766979958928,-0.6190872660500428,-0.5518862911793557,-1.1780273754454693,-0.5000705550587217,-0.27778757008920113,2.2392413147308,-0.0589756402790824,-0.5781967934275795,1.4981544098186936
CD8_Sade-Feldman,NK,1.691890068082859,0.5419317381880502,0.18199163642867175,-0.8511225286237921,-1.3902449352522475,-1.0686099653296173,-0.2873007023977195,1.691890068082859,0.23281765980000071,-0.6267822328101919,1.575429261913987
CIN25_Carter,Epi,2.53644471132124,-0.19934708496543238,-0.4969424512444904,0.1570727742047818,2.53644471132124,-0.3467279913669906,-0.7765171742619514,0.5668280271978073,-0.0630871708574903,-1.4818153419614897,0.10409170193401533
CIN70_Carter,Epi,2.3850021463431488,-0.36444363453855105,-0.4959755130792493,0.23642513426499814,2.3850021463431488,-0.1149477947829791,-0.6789085908172343,0.6191272450126476,-0.05104436381551055,-1.7264004223717453,0.19116579378447493
CTL_Jiang,NK,2.883168997052472,-0.24411598164611673,-0.5150607924213357,-0.4903007861896464,-0.4760787111916009,-0.3007716808110567,-0.4928658139381998,2.883168997052472,-0.3206043854616834,-0.5003828523879533,0.45701200699512057
CYT_Davoli,NK,2.580904825848353,-0.22066690690541915,-0.5837944911090256,-0.5898625127023464,-0.5760838159009956,-0.3344039753679854,-0.5744952365169828,2.580904825848353,-0.255356305245084,-0.6201180505932158,1.1738764684927014
Chemokine_Messina,Macro,2.6653708993257816,-0.10289787154233983,-0.5132293174418839,-0.4984369962908611,-0.9230105810087309,0.0507797479651613,2.6653708993257816,0.8131179897012618,-0.37048495561063816,-0.7749223985862354,-0.34628651651151604
EMT_Thompson,Epi,2.0441531170305938,-0.7736561398316625,0.26608217706190707,-0.19828047460713097,2.0441531170305938,0.9233862593154675,0.985840356164784,-0.8064424893059656,-0.15495345086796303,-1.1618004996382096,-1.1243288553218203
EMTstroma_Wang,Fibro,2.7473286720384706,-0.5500034895865874,-0.36166654161151063,0.42439217741630436,-0.8386219625996589,2.7473286720384706,0.02005013140640634,-0.6093273418762263,0.3153053601970461,-0.5187057695472032,-0.6287512358370418
GeparSixto_Karn,NK,2.35621174917448,-0.07795747053119852,-0.6670031543604996,-0.7305439608754916,-0.8276564301861307,-0.45110081733258606,-0.1009480060624696,2.35621174917448,-0.03573687582212581,-0.8327815006317364,1.3675164666277582
IFN_Ayers,Macro,2.490762106752575,1.1811976873608805,-0.3690859659320803,-0.22220453346053737,-0.7021080545381675,-0.40017962629092757,2.490762106752575,0.12202309674875589,-0.7241035514738969,-0.8829059083957778,-0.4933952507708234
IMPRES_Auslander,Tcell,1.7475264241093684,0.09470353669558657,-0.8379491025714323,0.7069846201224373,-1.4690503691028265,-0.7500635706445844,0.9819303479255175,0.9551232344334339,-0.47301321878525876,-0.9561919021822419,1.7475264241093684
IMS_Cui,Fibro,2.236499001473267,-0.34037627527451886,-0.26625476187597563,-0.08176146890457235,-0.8490253259471273,2.236499001473267,1.273195482107641,-0.817844313944935,0.561711197162431,-0.9119501254083023,-0.8041934093879074
IRG_Ayers,NK,2.2640029680595535,0.3371775880598188,-0.6681332953085022,-0.6189315777101057,-0.949390045239173,-0.6591352400752261,0.1417443873040843,2.2640029680595535,-0.5132112675525179,-0.6893507651207714,1.3552272475828395
IRG_Yang,Endo,2.1783998215823006,-0.36312793999954585,-0.3967667966003917,2.1783998215823006,-0.32473968479112936,0.6979066952742776,1.0264126977543722,-1.0508308725325584,0.29512111139644964,-1.055665305733749,-1.0067097263500255
ImmuneCells_Xiong,Macro,1.8871555316576105,-0.8970729500023628,-0.5987942074364205,1.0779521863082526,0.8016038285759025,0.7255471051014063,1.8871555316576105,-0.5469313494512987,-0.2922738435404453,-1.4199851256737996,-0.7372011755388445
ImmuneScore_Roh,Macro,2.1149729221285387,0.9478642966235006,-0.4292074206093899,-0.011645069937362487,-1.239766567327211,-0.8111522143330923,2.1149729221285387,1.0663991929592465,-0.8261645463289641,-0.6295248579074822,-0.1817757352677836
ImmunoScore_Hao,NK,1.9656106498485486,0.3421016267573824,-0.2646842958483243,-0.7283748996356827,-1.2727074995938588,-0.7766165869192728,0.7447699764233103,1.9656106498485486,-0.47856149001713283,-0.838709475850465,1.3071719948354952
Inflammatory_Thompson,NK,2.304471873962409,0.42550970952221023,-0.5900195376944183,-0.6196867403330326,-0.9881651795854732,-0.7411033871870722,0.41147398757794273,2.304471873962409,-0.5116582485259499,-0.786583660864797,1.0957611831281813
KDM5A_Wang,NK,2.338824837621224,0.19114815986975184,-0.36362584055325126,-0.09064605770641596,-1.0442063138761948,-0.652519461282133,-0.9109264590948325,2.338824837621224,-0.1286381714318886,-0.6110468669986026,1.2716361734523423
M1_Hwang,Tcell,1.5752074293155252,0.8482477259787785,-0.5112394006770248,-0.5248791864876743,-1.8617061578714524,-0.9607197773197285,0.8889087239419041,0.9874723777959863,-0.29403322114862424,-0.14725851352768957,1.5752074293155252
MHC-II_Liu,Macro,2.374317507004095,1.383084259088704,0.05726436967563025,-0.09040278551596827,-0.638952564288774,-0.737151096656065,2.374317507004095,-0.325024878083787,-0.7787038260576188,-0.6106997155620391,-0.6337312696041769
MHC-I_Liu,NK,1.6129441715770187,0.2932102542871726,-1.0666527396910517,0.6452496800807118,-1.916054808175051,-0.4435608147976348,0.22278100625041092,1.6129441715770187,-0.037657979731812126,-0.5499506935711472,1.2396919237713828
MPS_Guijarro,Epi,1.7160976068132459,-0.8912561744966553,-0.7052008280244524,1.0974016341714306,1.7160976068132459,1.373331949257846,-0.5276361251678895,-0.07597854875548392,-0.31363679540206857,-1.5039523650268236,-0.16917035336914915
Macrophage_Danaher,Macro,2.952664440606508,-0.07925707035728416,0.09058174229102271,-0.4843698419753219,-0.40121340317862547,-0.3758666441047039,2.952664440606508,-0.39920002504653196,-0.414205897850613,-0.49048869137302303,-0.3986446090114274
NonResponse_Chen,Epi,2.303838391046075,-0.31014035841457754,-0.5604511734962768,0.5809287191623015,2.303838391046075,0.25423715552331555,-0.9984636381150317,0.407170473910581,-0.06868961599991519,-1.6465218899439262,0.03809193632745441
PDL1_Nishino,Tcell,1.5911542863204888,0.35099235967856124,0.7869125616659048,-1.2453892978824341,-1.4920489812698154,-0.5010009472778334,0.5843956755249586,1.0201765041607538,0.05056477550280165,-1.145756936423386,1.5911542863204888
PTEN-MITF_Cabrita,Fibro,2.059968205702336,-0.3769355344765995,-0.45463953475127983,1.1603194390704166,-0.8813587198230626,2.059968205702336,0.7967139096414111,-0.12856545839822692,0.006351570633604964,-1.446632731527418,-0.7352211460711816
Response_Chen,Macro,1.4449915542569003,0.7501498572057184,-0.16658374642843393,-0.4807130942610109,-1.6409977176225217,-0.9606483978645662,1.4449915542569003,1.292766410750503,-0.5052524369878808,-0.7365518007705245,1.002839371721816
STAT1_Care,Macro,1.8342362846926472,-0.20659286926899867,-0.5497212335815398,-0.09360311379382322,-1.2033366064230206,-0.29004901145560824,1.8342362846926472,1.736350952393552,-0.479651239544954,-1.1565478533556914,0.40891469033743666
TGFB_Mariathasan,Fibro,2.114951295050749,-0.6393803300029586,-0.5037273884724944,1.128196279106797,-0.4650907666575249,2.114951295050749,-0.3097128882263767,-0.8558867690175421,1.1276184648321024,-0.8072966696099002,-0.7896712270028525
TIS_Damotte,NK,1.9805094351851633,0.4590828625996603,-0.6878847768250866,-0.39603589515449944,-1.2348833628208415,-0.6460641096471241,1.4002606148412924,1.9805094351851633,-0.6818063950522653,-0.748590281553417,0.5554119084271179
TLS_Cabrita,Tcell,2.0302860975743244,0.5462452944305219,0.23060939467384817,-0.22634104540714053,-1.842949492435699,0.4188404566434,-1.2112345340899657,0.5567940990565897,-0.24823355387005147,-0.25401671657582753,2.0302860975743244
TUMOR-VASCULATURE-UP_Lu,Fibro,2.109333268098986,-0.49148291994435916,-0.3882821725092255,-0.2056870669219532,-0.1825940858627585,2.109333268098986,0.9288123443817258,-0.6501471992605224,1.0769484360970745,-1.4333823088421604,-0.763518295236808
Tcell-exclusion_Arnon,Fibro,1.8256698286577302,0.2864911990893511,-0.19872971257943806,0.595822870900805,-0.11847868818949629,1.8256698286577302,-0.34801450212620033,0.01187514703901939,-0.18168673846411643,-2.3973103636652646,0.5243609593376095
Tcell-inflamed_Ayers,NK,1.9805094351851633,0.4590828625996603,-0.6878847768250866,-0.39603589515449944,-1.2348833628208415,-0.6460641096471241,1.4002606148412924,1.9805094351851633,-0.6818063950522653,-0.748590281553417,0.5554119084271179
Teff-IFNG_Fehrenbacher,NK,2.8403785472385836,-0.20084027878899066,-0.6712598355881993,-0.5278499391437333,-0.6280194081183901,-0.274611377906238,-0.01032387420087781,2.8403785472385836,-0.3428848682419914,-0.620576863578478,0.435987898328315
Teff_McDermott,NK,2.8421427046491465,-0.1342161513032038,-0.42114351292881724,-0.5725741122832627,-0.5527204920055052,-0.37528084861363514,-0.4723908322599969,2.8421427046491465,-0.31373608144695586,-0.561773701273795,0.5616930274660258
VIGex_Hernando-Calvo,NK,2.5707277426718966,-0.18520374905147635,-0.6229962881388482,-0.6668270783253334,-0.7459541278231746,-0.43521671551850466,-0.10668305475575474,2.5707277426718966,-0.10436738380028444,-0.7769905598008301,1.0735112145423096
WNT-beta-catenin_Takeuchi,Fibro,1.5257396151149045,-0.5376019423468027,-0.17945931927784164,1.3834270757338436,1.3831463214266062,1.5257396151149045,-0.49510917717737907,-1.0051210844570493,0.052579826772578386,-1.0289944047821005,-1.0986069110067593
peri-Tcell_Hwang,Macro,2.1643634928534685,1.537348750471881,-0.2922242528717416,-0.7406674040964214,-0.8915166095248602,-0.48759175275048905,2.1643634928534685,0.215902593244555,-0.7000027875075285,-0.8634769170894865,0.05786488727062248
proliferation_Pabla,Epi,2.7062716143242933,-0.33394819378276624,-0.432109119357533,0.38665176959334924,2.7062716143242933,-0.4467611761223597,-0.39230326584925657,0.19259933095143855,-0.23654261760675457,-1.3299779628387198,-0.11388037931169169
